Colin O'Monahan,82971001P,2004
Walliw Cassey,10030932W,2010
Laurella Deacock,56185616S,2008
Consolata Shemelt,28890375M,1999
Rita McAllan,65590490V,2005
Ailyn Cockhill,37154102F,2003
Budd Marchiso,04943737N,1997
Clarissa Blazejewski,25622687N,2004
Elke Suggey,49803608C,2009
Julianne Bartlosz,29511066Y,1994
Uta Riddett,04698763D,2001
Charisse Westmoreland,05329916Y,2003
Brinn Yesenin,69624106C,1993
Emmalynne Kerford,86714227H,2010
Drucy Meekin,34359656H,1964
Shell Ceci,40995698J,2000
Mirna Teanby,85374972I,2012
Kasper Rutgers,51054728M,2001
Erin MacGuffog,20416625J,2010
Wynn Sayce,54575597J,1999
